Model,Accuracy,Precision,Recall
K-Nearest Neighbors,0.903,0.16666666666666666,0.010752688172043012
Naive Bayes,0.907,0.0,0.0
Decision Tree,0.816,0.13008130081300814,0.17204301075268819
Random Forest,0.907,0.0,0.0
